   ,,,
Name,Instagram Link,,
@Rah_antisocial,https://www.instagram.com/rah_antisocial/,@Rah_antisocial,Missing Name / Project Nike Luca
Aaron Shapiro,,,
Adam Ferestad,,,
Agua Studio,https://www.instagram.com/_____agua_____/#,_____agua_____,
Akira Uchida,https://www.instagram.com/akirauchida/,@akirauchida,
Alejandra Laverde,https://www.instagram.com/alejamanga/,,
Alex Sterling,,,
Alex Whythe,https://www.instagram.com/alexwhiteedits/,,
Alexis Prost,,,
Aliénor Delaporte,https://www.instagram.com/framesandwich/,,
Amanda Pilnik,,,
Amber Day,https://www.instagram.com/amber_day/,,
Andrea Samper,,,
Andrew Finley,,,
Andrew Litton,,,
Angela Foster,https://www.instagram.com/pictophile/,,
Anna Chandler,https://www.instagram.com/annac_chandler/,,
Anni Kuan,,,
Anthony Valdez,,,
Armando Young,,@armando__young,
Ary Warnaar,https://www.instagram.com/cool_pic_ary_69/,,
Atharva Raut,https://www.instagram.com/atharva_raut/,@atharva_raut,
Auguste Bas,https://www.instagram.com/auguste_bas/,,
Axel Lanzenberg,,,
Aya Brown,https://www.instagram.com/ayabrown.tiff/,,
Babak Radboy,,,
Bad Halpin,,,
Be The Cowboy,,,
Becky Akinyode,https://www.instagram.com/thetrillestb/,,
Ben Federman,https://www.instagram.com/bfederman.xyz/,,
Bernie Yuman,,,
Bishal Pandey ,,,
Brian Tyler,,,
Britton Korbel,https://www.instagram.com/greatbrittonusa/,,
Calvin Falk,,,
Camila Amorocho,https://www.instagram.com/camilamila._?igsh=ZHNkZHdybWRzZDJx,,
Camilo Ojeda,https://www.instagram.com/jacobojeda/,,
Carlos Lantigua,,,
Cecilia Azcarate,https://www.instagram.com/ceciliaazcarate/,,
Chan Yu Chen,https://www.instagram.com/chanyu.c/,@chanyu.c,
Charlotte Fargier,,,
Chloe Mei-li Bundt,,,
Chris Alborano,https://www.instagram.com/albo/,,
Chris Hamberger,,,
Chris Ottaviano,,,
Chris Panicker,,,
Christin Kim,,,
Christophe Lanzenberg,https://www.instagram.com/christophelanzenberg/,@christophelanzenberg,
Chuka Chukuma,https://www.instagram.com/chukachukuma/,,
Claudia Jolly,,,
Coldplay,https://www.instagram.com/coldplay/,,
Company 3,,,
Connor Chase,,,
Connor Hannon,,,
Courtney Costello,,,
Courtney Williams,,,
Craig Weinrib,,,
Damani Pompey,,,
Damian Alquichire,https://www.instagram.com/damian.alquichire/,,
Danae Gosset,https://www.instagram.com/danaegosset/,@danaegosset,
Danica Tan,https://www.instagram.com/danicatanlijun/,,
Daniel Jimenez,,,
Danilo Ramirez,https://www.instagram.com/riot_2/,,
Danny Flanagan,,,
David Bonilla,,,
David Lynshue,,,
David Teele,,,
Davy Levitan,,,
Delcan&Company,,,
Derek Chan,,,
Dimitri Weeks,,,
Divi Crockett,,,
DJ Lee,,,
Elena Piech,,,
Elizabeth Smith,,,
Eric Chang,,,
Eugene Lee,https://www.instagram.com/offwhitetub/,@offwhitetub,
Fabian Palacios,,,
Fabian Palacios V.,,,
Farah Kafei,,,
Farrah Silberman,https://www.instagram.com/majorsquirrels/,,
Fern Diaz,,,
Florencia Monza,https://www.instagram.com/holaflopa/,,
Gabriel Garzón Montano,,,
Gabriel Pereza,,,
Georges Bermann,,,
Gia Love,https://www.instagram.com/therealgialove/,,
Grindmarkets,,,
Guillermo Camacho,,,
Hadrian Kalmbach,,@hadrian_kalm,
Haolun Liu ,,,
Ian Isiah,https://www.instagram.com/ianisiah/,,
Iida Jonsson,,,
Indochine,,,
Ines Palmas,,,
Irina Cocimarov,,,
Irving Harvey,,,
Isabelle Brawley,,,
Jack Billet,,,
Jack Millet,,,
Jade Astoux,,,
James Bartolozzi,https://www.instagram.com/jamesbartolozzi/,,
Jane Park,,,
Jared Pershad,,,
Jasmine Haomin,,,
Jean-Baptiste Castel,,,
Jeffrey Rozman,,,
Jeisson Moreno,,,
Jenny Mascia,,,
Jeremy Higgins,https://www.instagram.com/jeremyt_higgins/,,
Jerry Li,https://www.instagram.com/jerryjerryjerryli/,,
Jess Kellner,,,
Jesse Kahn,,,
JJ Russo,https://www.instagram.com/jjruss0/,,
Joe Hollier,,,
John Conklin,,,
John James Russo,,,
Jon Moy,,,
Jonah Hihaonna,,,
Jonah Small,,,
Jonathan Correa,,,
Jonnatan Paz,https://www.instagram.com/jonnatanpaz3d/,@jonnatanpaz3d,
Jordan,,,
Jorge “Gitoo” Wright,https://www.instagram.com/gitoo_thoo/,,
Jorge Velandia,,,
Jos Diaz Contreras,https://www.instagram.com/josdiazcontreras/,@josdiazcontreras,
Josh Ku,,,
Juana Carrasquilla,,@juanacarrasquilla,
Julen Keoni,,,
Justin Nekrutman,,,
Kamel Lots,,,
Karolina Ciecholewska,,,
Kath Raisch,,,
Kathryn Kvas,https://www.instagram.com/kathryn_kvas/,,
Katie Yu Kyung Lee,,,
Kecha Bratton,,,
Kelly Sue Deconnick,,,
Kelsey Lu,https://www.instagram.com/iamkelseylu/,,
Kenny Scharf,,,
Kevin Peter He,,,
Khalisha Tambunan,,,
Kimi Porter Thomas,,,
Kombilesamu,,,
Krista Cohen,,,
Kyiona Carswell,,,
Kyle Daum,,,
Kyle Sather,,,
Ladin Awad,,,
Lars Probert,https://www.instagram.com/preachgold/,,
Laura Carrasquilla,,,
Laureano Solis,,,
Lauren Collette,,,
Lauren Levin,,,
Lea Becquet,,,
Lela Fand,,,
Lex Corwin,,,
Linda Gierahn,,,
Lucian Maisel,,,
Luis Benz,,@luisbenzofficial,
Luke Hall,https://www.instagram.com/lukehallmedia/,,
Mac Ross,https://www.instagram.com/macky_ross/,,
Malia Scharf,https://www.instagram.com/malislove/,@malislove,
Margaux Kempff,,,
Marisa Spilman,,,
Marius Jopen,,,
Mark Bracco,,,
Mark Ross,,,
Matt Kagen,https://www.instagram.com/mkagen/,,
Matt Knudsen,https://www.instagram.com/mknudy/,,
Mia Moriarty,,,
Michael Curry,,,
Midjourney,,,
Mike Witzel,,,
Ming Hsun Yu,,@minghsunyu,
Mitski,,,
Mitzi Akaha,,,
Miwa Sakulrat,,,
Morgan O’Brien,,,
Mulahttaz,@mulahttaz,,
Nate Richards,,,
Nathan Schmitt,https://www.instagram.com/natenaw/,@natenaw,
Nathan Stern,,,
Nick Apple,,,
Nick Neuland,,,
Nicole Tan,https://www.instagram.com/nicoletanjiaqi/,,
Ningfeng Zhao,,@jiujessica,
NYU LaGuardia Print Studio,,,
Oliver Lanzenberg,,,
Oro Sound,,,
OTM® - Tal Midyan,https://www.instagram.com/talmidy/,,
Pablo Delcan,,,
Partizan,https://www.instagram.com/wearepartizan/,@wearepartizan,
Paula Kühn,https://www.instagram.com/peh_kah/,,
Porous Freak,,,
Porto Rocha,,,
Preachgold,https://www.instagram.com/preachgold/,,
Precision Sound Studios,,,
Rhia Davenport,https://www.instagram.com/boss.morris/,@boss.morris,
Rodolfo D'Ambrosio,,@rody73,
Rodrigo Niño,,,
Ryan Nocella,,,
Saad Moosajee,https://www.instagram.com/saadmoosajee/,@saadmoosajee,
Sabrina Mai,https://www.instagram.com/y.am2k/,,
Sagmeister Inc.,,,
Sammy Sords,,,
Samuel Sords,,,
Santiago Carrasquilla,https://www.instagram.com/santiagocarrasquilla/,@santiagocarrasquilla,
Sarah Jane Sherman,,,
Sasha Seaward,https://www.instagram.com/boss.morris/,@boss.morris,
Sean Gedorio,,,
Sebastian Slayter,,@sebastianslayter,
Silent House,,,
Solene Cauchie,,,
Sophie Ono,,,
Space People,,,
Spotify,,,
Ssi Saarinen,,,
Stefan Sagmeister,,,
Stephen Guas,,,
Steve Sanders,,,
Steven Guas ,,,
Swelee Joseph,,,
Tal Midyan,https://www.instagram.com/talmidy/,,
Tatiana Echeverri,,,
Tato Carrasquilla,,@tatoc,
Taylor Myers,,,
Ted Tutill,,,
Telfar Clemens,https://www.instagram.com/telfarclemens/,,
Tianyi Zhou,https://www.instagram.com/tianyipleaseloveyourself/,,
Tianying Yu,https://www.instagram.com/angel_journal/,,
Tighe Kellner,,,
Timotée Pedron-Desclaux,,,
Tom Biddulph,,,
Tom Pellegrini,,,
Tony Lashley,,,
TrappistM0nk,,,
Troy Moorer,https://www.instagram.com/madladtroy/,,
Troy Underwood,,,
Vasco Gross,https://www.instagram.com/sco_va/,@sco_va,
Vicky Deger,https://www.instagram.com/vickydegerdoes/,,
Walter Lanzenberg,https://www.instagram.com/walter.lanzenberg/,The dog,
Warren Cochrane,https://www.instagram.com/warrenscochrane/,,
Wayne Neho,,,
Wieden+Kennedy ,https://www.instagram.com/wiedenkennedy/,,
Win Son Brooklyn,,,
Yang Gao,,,
Young at Work ,,,
Zaira Calderón,https://www.instagram.com/zairaamat/,,
Zero Space,https://www.instagram.com/zerospace/,,
Zheyu Wang,,,
Zhoutong Qi,https://www.instagram.com/zhoutongqi_/,,
Zuheng Yin,https://www.instagram.com/zuheng/,,